Country,TOPSIS Score,Rank
0,0.6558556568986214,3
1,0.5892753107027787,2
2,0.7882917002523208,4
3,0.0,1
