Country,TOPSIS Score,Rank
0,0.1449878281094184,1
1,0.8482153070332678,3
2,0.5361442166804573,2
3,0.8550121718905817,4
4,0.8557394214616953,5
