Country,TOPSIS Score,Rank
0,0.0014208833229317765,5
1,0.9640562810011154,2
2,0.5293010659139036,4
3,0.9985791166770682,1
4,0.9187076292875853,3
