Country,TOPSIS Score,Rank
0,0.9346041492870177,1
1,0.2868346625880142,5
2,0.8153292004394554,2
3,0.6943554195394228,3
4,0.09381038251363133,7
5,0.2695203133492174,6
6,0.6127812667494935,4
