Country,TOPSIS Score,Rank
0,0.00052778977288415,4
1,0.09237854387232208,2
2,0.9994722102271159,1
3,0.013301808108270283,3
