Region,TOPSIS Score,Rank
0,0.5833631785498796,4
1,0.551368244585666,5
2,0.6308683179919147,3
3,0.7447884257830945,2
4,0.4388079143104789,6
5,0.28188780937230873,7
6,0.7700028350891852,1
