Country,TOPSIS Score,Rank
0,0.7440480117319502,4
1,0.24997945133064947,1
2,0.7482509699019431,5
3,0.2559519882680499,2
4,0.33139688609725276,3
