Region,TOPSIS Score,Rank
0,0.7523696385425984,1
1,0.361358785380221,5
2,0.6603797574073597,4
3,0.6857046874296906,3
4,0.2544441217254842,7
5,0.3138322399911583,6
6,0.6939912056943561,2
