Topsis Score,Rank
0.5628709258416023,2
0.43712907415839763,3
0.6835346562687262,1
